{
  "accuracy": 0.82375,
  "report": {
    "aggressive": {
      "precision": 0.8803418803418803,
      "recall": 0.8583333333333333,
      "f1-score": 0.869198312236287,
      "support": 240.0
    },
    "conservative": {
      "precision": 0.8623188405797102,
      "recall": 0.85,
      "f1-score": 0.8561151079136691,
      "support": 280.0
    },
    "moderate": {
      "precision": 0.7413793103448276,
      "recall": 0.7678571428571429,
      "f1-score": 0.7543859649122807,
      "support": 280.0
    },
    "accuracy": 0.82375,
    "macro avg": {
      "precision": 0.8280133437554728,
      "recall": 0.8253968253968255,
      "f1-score": 0.8265664616874123,
      "support": 800.0
    },
    "weighted avg": {
      "precision": 0.8253969169261524,
      "recall": 0.82375,
      "f1-score": 0.8244348691599684,
      "support": 800.0
    }
  },
  "confusion_matrix": [
    [
      206,
      0,
      34
    ],
    [
      1,
      238,
      41
    ],
    [
      27,
      38,
      215
    ]
  ],
  "classes": [
    "aggressive",
    "conservative",
    "moderate"
  ]
}